Title,urls
Allan Cup 2020 Hamilton Dundas ,"https://dmoz-odp.org/Sports/Events/,https://dmoz-odp.org/Sports/Hockey/Ice_Hockey/Tournaments/,http://www.bignickelhockey.com/,http: // www.hockeytourney.com /,http: // www.caaahc.com /,http://www.allancup.ca/,http://www.oakscenterice.com/,http://www.bigbeartournaments.com/"
DMOZ - Sports: Events,"https://dmoz-odp.org/Sports/Events/,https://dmoz-odp.org/Sports/Hockey/Ice_Hockey/Tournaments/,http://www.bignickelhockey.com/,http: // www.hockeytourney.com /,http: // www.caaahc.com /,http://www.allancup.ca/,http://www.oakscenterice.com/,http://www.bigbeartournaments.com/"
Youth Ice Hockey Tournaments | Big Bear Tournaments,"https://dmoz-odp.org/Sports/Events/,https://dmoz-odp.org/Sports/Hockey/Ice_Hockey/Tournaments/,http://www.bignickelhockey.com/,http: // www.hockeytourney.com /,http: // www.caaahc.com /,http://www.allancup.ca/,http://www.oakscenterice.com/,http://www.bigbeartournaments.com/"
DMOZ - Sports: Hockey: Ice Hockey: Tournaments,"https://dmoz-odp.org/Sports/Events/,https://dmoz-odp.org/Sports/Hockey/Ice_Hockey/Tournaments/,http://www.bignickelhockey.com/,http: // www.hockeytourney.com /,http: // www.caaahc.com /,http://www.allancup.ca/,http://www.oakscenterice.com/,http://www.bigbeartournaments.com/"
Oaks Center Ice,"https://dmoz-odp.org/Sports/Events/,https://dmoz-odp.org/Sports/Hockey/Ice_Hockey/Tournaments/,http://www.bignickelhockey.com/,http: // www.hockeytourney.com /,http: // www.caaahc.com /,http://www.allancup.ca/,http://www.oakscenterice.com/,http://www.bigbeartournaments.com/"
"Big Nickel Hockey Tournament | Sudbury, Ontario","https://dmoz-odp.org/Sports/Events/,https://dmoz-odp.org/Sports/Hockey/Ice_Hockey/Tournaments/,http://www.bignickelhockey.com/,http: // www.hockeytourney.com /,http: // www.caaahc.com /,http://www.allancup.ca/,http://www.oakscenterice.com/,http://www.bigbeartournaments.com/"
Title,urls
Allan Cup 2020 Hamilton Dundas ,"https://dmoz-odp.org/Sports/Events/,https://dmoz-odp.org/Sports/Hockey/Ice_Hockey/Tournaments/,http://www.bignickelhockey.com/,http: // www.hockeytourney.com /,http: // www.caaahc.com /,http://www.allancup.ca/,http://www.oakscenterice.com/,http://www.bigbeartournaments.com/http://www.hsviceplex.org/"
DMOZ - Sports: Events,"https://dmoz-odp.org/Sports/Events/,https://dmoz-odp.org/Sports/Hockey/Ice_Hockey/Tournaments/,http://www.bignickelhockey.com/,http: // www.hockeytourney.com /,http: // www.caaahc.com /,http://www.allancup.ca/,http://www.oakscenterice.com/,http://www.bigbeartournaments.com/http://www.hsviceplex.org/"
Youth Ice Hockey Tournaments | Big Bear Tournaments,"https://dmoz-odp.org/Sports/Events/,https://dmoz-odp.org/Sports/Hockey/Ice_Hockey/Tournaments/,http://www.bignickelhockey.com/,http: // www.hockeytourney.com /,http: // www.caaahc.com /,http://www.allancup.ca/,http://www.oakscenterice.com/,http://www.bigbeartournaments.com/http://www.hsviceplex.org/"
DMOZ - Sports: Hockey: Ice Hockey: Tournaments,"https://dmoz-odp.org/Sports/Events/,https://dmoz-odp.org/Sports/Hockey/Ice_Hockey/Tournaments/,http://www.bignickelhockey.com/,http: // www.hockeytourney.com /,http: // www.caaahc.com /,http://www.allancup.ca/,http://www.oakscenterice.com/,http://www.bigbeartournaments.com/http://www.hsviceplex.org/"
Oaks Center Ice,"https://dmoz-odp.org/Sports/Events/,https://dmoz-odp.org/Sports/Hockey/Ice_Hockey/Tournaments/,http://www.bignickelhockey.com/,http: // www.hockeytourney.com /,http: // www.caaahc.com /,http://www.allancup.ca/,http://www.oakscenterice.com/,http://www.bigbeartournaments.com/http://www.hsviceplex.org/"
"Huntsville Ice Skating, Huntsville Hockey, Huntsville Figure Skating | Benton H. Wilcoxon Municipal Ice Complex","https://dmoz-odp.org/Sports/Events/,https://dmoz-odp.org/Sports/Hockey/Ice_Hockey/Tournaments/,http://www.bignickelhockey.com/,http: // www.hockeytourney.com /,http: // www.caaahc.com /,http://www.allancup.ca/,http://www.oakscenterice.com/,http://www.bigbeartournaments.com/http://www.hsviceplex.org/"
"Big Nickel Hockey Tournament | Sudbury, Ontario","https://dmoz-odp.org/Sports/Events/,https://dmoz-odp.org/Sports/Hockey/Ice_Hockey/Tournaments/,http://www.bignickelhockey.com/,http: // www.hockeytourney.com /,http: // www.caaahc.com /,http://www.allancup.ca/,http://www.oakscenterice.com/,http://www.bigbeartournaments.com/http://www.hsviceplex.org/"
------Title-----,------urls---
Youth Ice Hockey Tournaments | Big Bear Tournaments,"https://dmoz-odp.org/Sports/Events/,https://dmoz-odp.org/Sports/Hockey/Ice_Hockey/Tournaments/,http://www.bignickelhockey.com/,http: // www.hockeytourney.com /,http: // www.caaahc.com /,http://www.allancup.ca/,http://www.oakscenterice.com/,http://www.bigbeartournaments.com/http://www.hsviceplex.org/"
Allan Cup 2020 Hamilton Dundas ,"https://dmoz-odp.org/Sports/Events/,https://dmoz-odp.org/Sports/Hockey/Ice_Hockey/Tournaments/,http://www.bignickelhockey.com/,http: // www.hockeytourney.com /,http: // www.caaahc.com /,http://www.allancup.ca/,http://www.oakscenterice.com/,http://www.bigbeartournaments.com/http://www.hsviceplex.org/"
DMOZ - Sports: Events,"https://dmoz-odp.org/Sports/Events/,https://dmoz-odp.org/Sports/Hockey/Ice_Hockey/Tournaments/,http://www.bignickelhockey.com/,http: // www.hockeytourney.com /,http: // www.caaahc.com /,http://www.allancup.ca/,http://www.oakscenterice.com/,http://www.bigbeartournaments.com/http://www.hsviceplex.org/"
DMOZ - Sports: Hockey: Ice Hockey: Tournaments,"https://dmoz-odp.org/Sports/Events/,https://dmoz-odp.org/Sports/Hockey/Ice_Hockey/Tournaments/,http://www.bignickelhockey.com/,http: // www.hockeytourney.com /,http: // www.caaahc.com /,http://www.allancup.ca/,http://www.oakscenterice.com/,http://www.bigbeartournaments.com/http://www.hsviceplex.org/"
Oaks Center Ice,"https://dmoz-odp.org/Sports/Events/,https://dmoz-odp.org/Sports/Hockey/Ice_Hockey/Tournaments/,http://www.bignickelhockey.com/,http: // www.hockeytourney.com /,http: // www.caaahc.com /,http://www.allancup.ca/,http://www.oakscenterice.com/,http://www.bigbeartournaments.com/http://www.hsviceplex.org/"
"Huntsville Ice Skating, Huntsville Hockey, Huntsville Figure Skating | Benton H. Wilcoxon Municipal Ice Complex","https://dmoz-odp.org/Sports/Events/,https://dmoz-odp.org/Sports/Hockey/Ice_Hockey/Tournaments/,http://www.bignickelhockey.com/,http: // www.hockeytourney.com /,http: // www.caaahc.com /,http://www.allancup.ca/,http://www.oakscenterice.com/,http://www.bigbeartournaments.com/http://www.hsviceplex.org/"
"Big Nickel Hockey Tournament | Sudbury, Ontario","https://dmoz-odp.org/Sports/Events/,https://dmoz-odp.org/Sports/Hockey/Ice_Hockey/Tournaments/,http://www.bignickelhockey.com/,http: // www.hockeytourney.com /,http: // www.caaahc.com /,http://www.allancup.ca/,http://www.oakscenterice.com/,http://www.bigbeartournaments.com/http://www.hsviceplex.org/"
------Title-----,------urls---
Allan Cup 2020 Hamilton Dundas ,"https://dmoz-odp.org/Sports/Events/,https://dmoz-odp.org/Sports/Hockey/Ice_Hockey/Tournaments/,http://www.bignickelhockey.com/,http: // www.hockeytourney.com /,http: // www.caaahc.com /,http://www.allancup.ca/,http://www.oakscenterice.com/,http://www.bigbeartournaments.com/http://www.hsviceplex.org/"
Youth Ice Hockey Tournaments | Big Bear Tournaments,"https://dmoz-odp.org/Sports/Events/,https://dmoz-odp.org/Sports/Hockey/Ice_Hockey/Tournaments/,http://www.bignickelhockey.com/,http: // www.hockeytourney.com /,http: // www.caaahc.com /,http://www.allancup.ca/,http://www.oakscenterice.com/,http://www.bigbeartournaments.com/http://www.hsviceplex.org/"
DMOZ - Sports: Events,"https://dmoz-odp.org/Sports/Events/,https://dmoz-odp.org/Sports/Hockey/Ice_Hockey/Tournaments/,http://www.bignickelhockey.com/,http: // www.hockeytourney.com /,http: // www.caaahc.com /,http://www.allancup.ca/,http://www.oakscenterice.com/,http://www.bigbeartournaments.com/http://www.hsviceplex.org/"
DMOZ - Sports: Hockey: Ice Hockey: Tournaments,"https://dmoz-odp.org/Sports/Events/,https://dmoz-odp.org/Sports/Hockey/Ice_Hockey/Tournaments/,http://www.bignickelhockey.com/,http: // www.hockeytourney.com /,http: // www.caaahc.com /,http://www.allancup.ca/,http://www.oakscenterice.com/,http://www.bigbeartournaments.com/http://www.hsviceplex.org/"
Oaks Center Ice,"https://dmoz-odp.org/Sports/Events/,https://dmoz-odp.org/Sports/Hockey/Ice_Hockey/Tournaments/,http://www.bignickelhockey.com/,http: // www.hockeytourney.com /,http: // www.caaahc.com /,http://www.allancup.ca/,http://www.oakscenterice.com/,http://www.bigbeartournaments.com/http://www.hsviceplex.org/"
"Huntsville Ice Skating, Huntsville Hockey, Huntsville Figure Skating | Benton H. Wilcoxon Municipal Ice Complex","https://dmoz-odp.org/Sports/Events/,https://dmoz-odp.org/Sports/Hockey/Ice_Hockey/Tournaments/,http://www.bignickelhockey.com/,http: // www.hockeytourney.com /,http: // www.caaahc.com /,http://www.allancup.ca/,http://www.oakscenterice.com/,http://www.bigbeartournaments.com/http://www.hsviceplex.org/"
"Big Nickel Hockey Tournament | Sudbury, Ontario","https://dmoz-odp.org/Sports/Events/,https://dmoz-odp.org/Sports/Hockey/Ice_Hockey/Tournaments/,http://www.bignickelhockey.com/,http: // www.hockeytourney.com /,http: // www.caaahc.com /,http://www.allancup.ca/,http://www.oakscenterice.com/,http://www.bigbeartournaments.com/http://www.hsviceplex.org/"
------Title-----,------urls---
Allan Cup 2020 Hamilton Dundas ,"https://dmoz-odp.org/Sports/Events/,https://dmoz-odp.org/Sports/Hockey/Ice_Hockey/Tournaments/,http://www.bignickelhockey.com/,http: // www.hockeytourney.com /,http: // www.caaahc.com /,http://www.allancup.ca/,http://www.oakscenterice.com/,http://www.bigbeartournaments.com/http://www.hsviceplex.org/"
Youth Ice Hockey Tournaments | Big Bear Tournaments,"https://dmoz-odp.org/Sports/Events/,https://dmoz-odp.org/Sports/Hockey/Ice_Hockey/Tournaments/,http://www.bignickelhockey.com/,http: // www.hockeytourney.com /,http: // www.caaahc.com /,http://www.allancup.ca/,http://www.oakscenterice.com/,http://www.bigbeartournaments.com/http://www.hsviceplex.org/"
DMOZ - Sports: Events,"https://dmoz-odp.org/Sports/Events/,https://dmoz-odp.org/Sports/Hockey/Ice_Hockey/Tournaments/,http://www.bignickelhockey.com/,http: // www.hockeytourney.com /,http: // www.caaahc.com /,http://www.allancup.ca/,http://www.oakscenterice.com/,http://www.bigbeartournaments.com/http://www.hsviceplex.org/"
DMOZ - Sports: Hockey: Ice Hockey: Tournaments,"https://dmoz-odp.org/Sports/Events/,https://dmoz-odp.org/Sports/Hockey/Ice_Hockey/Tournaments/,http://www.bignickelhockey.com/,http: // www.hockeytourney.com /,http: // www.caaahc.com /,http://www.allancup.ca/,http://www.oakscenterice.com/,http://www.bigbeartournaments.com/http://www.hsviceplex.org/"
Oaks Center Ice,"https://dmoz-odp.org/Sports/Events/,https://dmoz-odp.org/Sports/Hockey/Ice_Hockey/Tournaments/,http://www.bignickelhockey.com/,http: // www.hockeytourney.com /,http: // www.caaahc.com /,http://www.allancup.ca/,http://www.oakscenterice.com/,http://www.bigbeartournaments.com/http://www.hsviceplex.org/"
"Huntsville Ice Skating, Huntsville Hockey, Huntsville Figure Skating | Benton H. Wilcoxon Municipal Ice Complex","https://dmoz-odp.org/Sports/Events/,https://dmoz-odp.org/Sports/Hockey/Ice_Hockey/Tournaments/,http://www.bignickelhockey.com/,http: // www.hockeytourney.com /,http: // www.caaahc.com /,http://www.allancup.ca/,http://www.oakscenterice.com/,http://www.bigbeartournaments.com/http://www.hsviceplex.org/"
"Big Nickel Hockey Tournament | Sudbury, Ontario","https://dmoz-odp.org/Sports/Events/,https://dmoz-odp.org/Sports/Hockey/Ice_Hockey/Tournaments/,http://www.bignickelhockey.com/,http: // www.hockeytourney.com /,http: // www.caaahc.com /,http://www.allancup.ca/,http://www.oakscenterice.com/,http://www.bigbeartournaments.com/http://www.hsviceplex.org/"
------Title-----,------urls---
Allan Cup 2020 Hamilton Dundas ,"https://dmoz-odp.org/Sports/Events/,https://dmoz-odp.org/Sports/Hockey/Ice_Hockey/Tournaments/,http://www.bignickelhockey.com/,http: // www.hockeytourney.com /,http: // www.caaahc.com /,http://www.allancup.ca/,http://www.oakscenterice.com/,http://www.bigbeartournaments.com/http://www.hsviceplex.org/"
DMOZ - Sports: Events,"https://dmoz-odp.org/Sports/Events/,https://dmoz-odp.org/Sports/Hockey/Ice_Hockey/Tournaments/,http://www.bignickelhockey.com/,http: // www.hockeytourney.com /,http: // www.caaahc.com /,http://www.allancup.ca/,http://www.oakscenterice.com/,http://www.bigbeartournaments.com/http://www.hsviceplex.org/"
DMOZ - Sports: Hockey: Ice Hockey: Tournaments,"https://dmoz-odp.org/Sports/Events/,https://dmoz-odp.org/Sports/Hockey/Ice_Hockey/Tournaments/,http://www.bignickelhockey.com/,http: // www.hockeytourney.com /,http: // www.caaahc.com /,http://www.allancup.ca/,http://www.oakscenterice.com/,http://www.bigbeartournaments.com/http://www.hsviceplex.org/"
Youth Ice Hockey Tournaments | Big Bear Tournaments,"https://dmoz-odp.org/Sports/Events/,https://dmoz-odp.org/Sports/Hockey/Ice_Hockey/Tournaments/,http://www.bignickelhockey.com/,http: // www.hockeytourney.com /,http: // www.caaahc.com /,http://www.allancup.ca/,http://www.oakscenterice.com/,http://www.bigbeartournaments.com/http://www.hsviceplex.org/"
Oaks Center Ice,"https://dmoz-odp.org/Sports/Events/,https://dmoz-odp.org/Sports/Hockey/Ice_Hockey/Tournaments/,http://www.bignickelhockey.com/,http: // www.hockeytourney.com /,http: // www.caaahc.com /,http://www.allancup.ca/,http://www.oakscenterice.com/,http://www.bigbeartournaments.com/http://www.hsviceplex.org/"
"Huntsville Ice Skating, Huntsville Hockey, Huntsville Figure Skating | Benton H. Wilcoxon Municipal Ice Complex","https://dmoz-odp.org/Sports/Events/,https://dmoz-odp.org/Sports/Hockey/Ice_Hockey/Tournaments/,http://www.bignickelhockey.com/,http: // www.hockeytourney.com /,http: // www.caaahc.com /,http://www.allancup.ca/,http://www.oakscenterice.com/,http://www.bigbeartournaments.com/http://www.hsviceplex.org/"
"Big Nickel Hockey Tournament | Sudbury, Ontario","https://dmoz-odp.org/Sports/Events/,https://dmoz-odp.org/Sports/Hockey/Ice_Hockey/Tournaments/,http://www.bignickelhockey.com/,http: // www.hockeytourney.com /,http: // www.caaahc.com /,http://www.allancup.ca/,http://www.oakscenterice.com/,http://www.bigbeartournaments.com/http://www.hsviceplex.org/"
